{
  "maxRounds": 400,
  "maxDoNothings": 12,
  "commandoWorms": {
    "count": 1,
    "initialHp": 150,
    "movementRage": 1,
    "diggingRange": 1,
    "weapon": {
      "damage": 8,
      "range": 4
    },
    "professionName": "Commando"
  },
  "agentWorms": {
    "count": 1,
    "initialHp": 100,
    "movementRage": 1,
    "diggingRange": 1,
    "weapon": {
      "damage": 8,
      "range": 4
    },
    "bananas": {
      "damage": 20,
      "range": 5,
      "count": 3,
      "damageRadius": 2
    },
    "professionName": "Agent"
  },
  "technologistWorms": {
    "count": 1,
    "initialHp": 100,
    "movementRage": 1,
    "diggingRange": 1,
    "weapon": {
      "damage": 8,
      "range": 4
    },
    "snowballs": {
      "freezeDuration": 5,
      "range": 5,
      "count": 3,
      "freezeRadius": 1
    },
    "professionName": "Technologist"
  },
  "pushbackDamage": 20,
  "lavaDamage": 3,
  "mapSize": 33,
  "healthPackHp": 10,
  "totalHealthPacks": 2,
  "scores": {
    "missedAttack": 2,
    "attack": 2,
    "killShot": 40,
    "dig": 7,
    "move": 5,
    "powerup": 20,
    "freeze": 17,
    "doNothing": 0,
    "invalidCommand": -4
  },
  "wormSelectTokens": {
    "count": 5
  },
  "csvSeparator": ",",
  "battleRoyaleStart": 0.25,
  "battleRoyaleEnd": 0.875
}
